,mean_fit_time,std_fit_time,mean_score_time,std_score_time,param_delta,param_feature_subsampling_pct,param_max_depth,param_min_samples,param_n_trees,param_window,params,split0_test_score,split1_test_score,split2_test_score,mean_test_score,std_test_score,rank_test_score
0,104.65820845,3.06584849,0.03755291,0.000349720172,0.2,0.8168886881742096,4,4,91,16,"{'delta': 0.2, 'feature_subsampling_pct': 0.8168886881742096, 'max_depth': 4, 'min_samples': 4, 'n_trees': 91, 'window': 16}",-1.17787077,-1.14278008,-1.1264433,-1.14903138,0.0214554645,98
1,7.92499193,0.112053651,0.03615189,0.000809933776,0.15,0.24041677639819287,4,8,94,4,"{'delta': 0.15, 'feature_subsampling_pct': 0.24041677639819287, 'max_depth': 4, 'min_samples': 8, 'n_trees': 94, 'window': 4}",0.14161976,0.13500384,0.11634486,0.13098949,0.0107017569,89
2,35.46767918,0.731212693,0.01503285,0.000210185717,inv,0.4003377500251196,5,9,22,16,"{'delta': 'inv', 'feature_subsampling_pct': 0.4003377500251196, 'max_depth': 5, 'min_samples': 9, 'n_trees': 22, 'window': 16}",0.2743942,0.28385731,0.35309029,0.3037806,0.035080593,58
3,4.35640717,0.0312720999,0.00787052,0.000347893276,0.075,0.7497988950401423,3,7,21,8,"{'delta': 0.075, 'feature_subsampling_pct': 0.7497988950401423, 'max_depth': 3, 'min_samples': 7, 'n_trees': 21, 'window': 8}",0.4123009,0.43130186,0.41690833,0.42017036,0.00809278716,20
4,7.32026839,0.0815941343,0.02059603,0.000286054806,0.15,0.6557333586649449,3,7,68,4,"{'delta': 0.15, 'feature_subsampling_pct': 0.6557333586649449, 'max_depth': 3, 'min_samples': 7, 'n_trees': 68, 'window': 4}",0.41522566,0.41479896,0.41459555,0.41487339,0.000262570007,22
5,33.3927687,0.827437881,0.05313174,0.00655504656,0.1,0.45987487454373,5,5,79,4,"{'delta': 0.1, 'feature_subsampling_pct': 0.45987487454373, 'max_depth': 5, 'min_samples': 5, 'n_trees': 79, 'window': 4}",0.40190319,0.37133581,0.37849698,0.38391199,0.0130532988,30
6,43.92057339,1.07459507,0.0147531,0.000699528589,0.125,0.5628109945722505,5,2,22,16,"{'delta': 0.125, 'feature_subsampling_pct': 0.5628109945722505, 'max_depth': 5, 'min_samples': 2, 'n_trees': 22, 'window': 16}",0.30253779,0.19942214,0.27045049,0.25747014,0.0430857782,70
7,2.47297875,0.325200087,0.00784675,0.000279530259,0.1,0.7122767847290017,2,8,37,8,"{'delta': 0.1, 'feature_subsampling_pct': 0.7122767847290017, 'max_depth': 2, 'min_samples': 8, 'n_trees': 37, 'window': 8}",0.37458114,0.3409566,0.37198063,0.36250613,0.015274752,37
8,4.23540839,0.265796494,0.0092876,0.000371333856,0.05,0.9690688297671034,3,3,28,log2,"{'delta': 0.05, 'feature_subsampling_pct': 0.9690688297671034, 'max_depth': 3, 'min_samples': 3, 'n_trees': 28, 'window': 'log2'}",0.38845052,0.37919375,0.37253512,0.3800598,0.00652622765,31
9,45.54920991,0.668645247,0.04629922,0.000545552871,0.15,0.3078044430599341,5,8,79,8,"{'delta': 0.15, 'feature_subsampling_pct': 0.3078044430599341, 'max_depth': 5, 'min_samples': 8, 'n_trees': 79, 'window': 8}",0.3520924,0.35392408,0.34773158,0.35124936,0.00259740958,40
10,20.91783301,0.218209592,0.02429247,0.000594871221,0.15,0.849875420562548,4,7,55,log2,"{'delta': 0.15, 'feature_subsampling_pct': 0.849875420562548, 'max_depth': 4, 'min_samples': 7, 'n_trees': 55, 'window': 'log2'}",0.47874979,0.49259213,0.47049901,0.48061364,0.00911526061,10
11,12.77481874,0.316222959,0.02203139,0.000328597566,inv,0.7798252692858872,3,7,73,log2,"{'delta': 'inv', 'feature_subsampling_pct': 0.7798252692858872, 'max_depth': 3, 'min_samples': 7, 'n_trees': 73, 'window': 'log2'}",0.36915148,0.37021854,0.36340027,0.3675901,0.00299450879,35
12,9.84387326,0.0916961265,0.02563842,0.000798355434,0.125,0.26636900997297436,4,3,63,log2,"{'delta': 0.125, 'feature_subsampling_pct': 0.26636900997297436, 'max_depth': 4, 'min_samples': 3, 'n_trees': 63, 'window': 'log2'}",0.26752525,0.27481951,0.26804887,0.27013121,0.0033220133,68
13,18.0593102,0.368242747,0.020245,0.000148188522,0.075,0.905344615384884,3,8,67,8,"{'delta': 0.075, 'feature_subsampling_pct': 0.905344615384884, 'max_depth': 3, 'min_samples': 8, 'n_trees': 67, 'window': 8}",0.31537242,0.38021743,0.35196381,0.34918456,0.0265457101,42
14,4.51649237,0.141182575,0.01336273,0.000806043496,0.05,0.9650548219144142,2,9,72,log2,"{'delta': 0.05, 'feature_subsampling_pct': 0.9650548219144142, 'max_depth': 2, 'min_samples': 9, 'n_trees': 72, 'window': 'log2'}",0.3363189,0.32190389,0.32855138,0.32892472,0.00589082363,49
15,71.19033464,0.775229,0.03626227,0.000208069721,0.05,0.3528410587186427,5,6,60,16,"{'delta': 0.05, 'feature_subsampling_pct': 0.3528410587186427, 'max_depth': 5, 'min_samples': 6, 'n_trees': 60, 'window': 16}",0.31504347,0.27409686,0.28466034,0.29126689,0.0173568659,65
16,0.404857,0.00834937329,0.00518505,9.53740541e-06,0.2,0.24874024515670226,2,8,28,sqrt,"{'delta': 0.2, 'feature_subsampling_pct': 0.24874024515670226, 'max_depth': 2, 'min_samples': 8, 'n_trees': 28, 'window': 'sqrt'}",0.17437628,0.14997121,0.20319851,0.17584867,0.0217548816,84
17,3.6774466,0.115836364,0.0118072,0.000817850446,0.125,0.36413935724623436,4,4,27,4,"{'delta': 0.125, 'feature_subsampling_pct': 0.36413935724623436, 'max_depth': 4, 'min_samples': 4, 'n_trees': 27, 'window': 4}",0.24118747,0.28738457,0.26242984,0.2636673,0.0188801747,69
18,4.26873175,0.194259031,0.01214981,0.000168421535,0.1,0.7941433120173511,2,3,60,8,"{'delta': 0.1, 'feature_subsampling_pct': 0.7941433120173511, 'max_depth': 2, 'min_samples': 3, 'n_trees': 60, 'window': 8}",0.34351251,0.34777072,0.32197986,0.33775436,0.0112889125,46
19,142.37339727,4.63524524,0.03107778,0.000668848989,0.2,0.8650347200108194,5,3,52,16,"{'delta': 0.2, 'feature_subsampling_pct': 0.8650347200108194, 'max_depth': 5, 'min_samples': 3, 'n_trees': 52, 'window': 16}",-1.2941123,-1.16981342,-0.92677484,-1.13023352,0.152554097,97
20,9.6423653,0.135068623,0.01628971,0.0003325809,0.1,0.6321680089369544,3,4,54,sqrt,"{'delta': 0.1, 'feature_subsampling_pct': 0.6321680089369544, 'max_depth': 3, 'min_samples': 4, 'n_trees': 54, 'window': 'sqrt'}",0.41821115,0.43256455,0.41077868,0.42051812,0.00904240579,19
21,2.4736375,0.0574712394,0.00596666,0.000161098054,0.1,0.20763482134447153,3,4,20,16,"{'delta': 0.1, 'feature_subsampling_pct': 0.20763482134447153, 'max_depth': 3, 'min_samples': 4, 'n_trees': 20, 'window': 16}",0.16076003,0.21245052,0.2694563,0.21422228,0.0443927488,79
22,3.41295155,0.076342874,0.01305064,0.000163285611,0.075,0.31238642777406017,3,8,46,sqrt,"{'delta': 0.075, 'feature_subsampling_pct': 0.31238642777406017, 'max_depth': 3, 'min_samples': 8, 'n_trees': 46, 'window': 'sqrt'}",0.19082469,0.26502691,0.2545595,0.2368037,0.0327917017,77
23,6.53166699,0.13859943,0.02707291,0.000587542234,0.2,0.4847869165226947,3,5,96,4,"{'delta': 0.2, 'feature_subsampling_pct': 0.4847869165226947, 'max_depth': 3, 'min_samples': 5, 'n_trees': 96, 'window': 4}",0.36381226,0.33627552,0.37928404,0.35979061,0.0177869487,39
24,3.64610084,0.0341841736,0.00492009,5.68064752e-05,0.2,0.9061872361061675,2,5,23,16,"{'delta': 0.2, 'feature_subsampling_pct': 0.9061872361061675, 'max_depth': 2, 'min_samples': 5, 'n_trees': 23, 'window': 16}",-1.64804149,-1.80777797,-1.47309326,-1.6429709,0.136681496,100
25,22.96698753,0.348287069,0.0205311,0.000139675625,0.2,0.6439756413500355,4,4,48,8,"{'delta': 0.2, 'feature_subsampling_pct': 0.6439756413500355, 'max_depth': 4, 'min_samples': 4, 'n_trees': 48, 'window': 8}",0.29228983,0.48394359,0.4114537,0.39589571,0.0790119377,26
26,4.81754971,0.0513988541,0.01805679,0.000165884551,0.15,0.1692819188459137,4,4,47,log2,"{'delta': 0.15, 'feature_subsampling_pct': 0.1692819188459137, 'max_depth': 4, 'min_samples': 4, 'n_trees': 47, 'window': 'log2'}",0.22440892,0.18068923,0.17805815,0.19438543,0.0212569666,80
27,1.79508495,0.0171018486,0.00521135,6.51166491e-05,0.075,0.8273083416079753,2,6,25,8,"{'delta': 0.075, 'feature_subsampling_pct': 0.8273083416079753, 'max_depth': 2, 'min_samples': 6, 'n_trees': 25, 'window': 8}",0.34686753,0.33848417,0.35037285,0.34524152,0.00498785697,43
28,25.38748336,0.349628908,0.04868134,0.00130878893,0.125,0.2965963934951502,5,7,81,4,"{'delta': 0.125, 'feature_subsampling_pct': 0.2965963934951502, 'max_depth': 5, 'min_samples': 7, 'n_trees': 81, 'window': 4}",0.23670342,0.25253693,0.26815129,0.25246388,0.0128386432,73
29,125.97460039,4.93495178,0.04715069,0.00109890794,inv,0.8266961396476563,5,2,81,sqrt,"{'delta': 'inv', 'feature_subsampling_pct': 0.8266961396476563, 'max_depth': 5, 'min_samples': 2, 'n_trees': 81, 'window': 'sqrt'}",0.47980938,0.46848638,0.46211623,0.47013733,0.00731692838,11
30,10.65827123,0.06773971,0.0276649,0.000683305069,0.05,0.30514164628774754,3,2,96,sqrt,"{'delta': 0.05, 'feature_subsampling_pct': 0.30514164628774754, 'max_depth': 3, 'min_samples': 2, 'n_trees': 96, 'window': 'sqrt'}",0.23922963,0.24715771,0.25082141,0.24573625,0.00483788883,75
31,21.15514572,0.708411469,0.01646638,0.000370988707,0.1,0.10625691747807164,5,4,28,16,"{'delta': 0.1, 'feature_subsampling_pct': 0.10625691747807164, 'max_depth': 5, 'min_samples': 4, 'n_trees': 28, 'window': 16}",0.12564396,0.19581597,0.20768258,0.17638084,0.0362020022,83
32,18.96978084,0.213343005,0.05521576,0.000886070759,0.05,0.20787883060031453,5,9,98,4,"{'delta': 0.05, 'feature_subsampling_pct': 0.20787883060031453, 'max_depth': 5, 'min_samples': 9, 'n_trees': 98, 'window': 4}",0.12269211,0.11698487,0.1063852,0.11535406,0.00675640454,91
33,42.31979171,1.28220259,0.04217943,0.0014379354,0.175,0.2968877976157632,5,2,71,sqrt,"{'delta': 0.175, 'feature_subsampling_pct': 0.2968877976157632, 'max_depth': 5, 'min_samples': 2, 'n_trees': 71, 'window': 'sqrt'}",0.41138708,0.38797997,0.40852154,0.40262953,0.0104246509,25
34,59.53105696,1.07838935,0.03597196,0.000443366271,0.175,0.9746038744488646,5,5,58,log2,"{'delta': 0.175, 'feature_subsampling_pct': 0.9746038744488646, 'max_depth': 5, 'min_samples': 5, 'n_trees': 58, 'window': 'log2'}",0.42282148,0.456933,0.4663105,0.44868833,0.0186869803,16
35,2.33625976,0.0670694614,0.01377074,0.000245446134,0.1,0.37079047883509275,2,9,78,sqrt,"{'delta': 0.1, 'feature_subsampling_pct': 0.37079047883509275, 'max_depth': 2, 'min_samples': 9, 'n_trees': 78, 'window': 'sqrt'}",0.30316625,0.30258181,0.28678989,0.29751265,0.00758588848,63
36,1.76916679,0.038697041,0.00618116,0.000334298407,0.075,0.5524111209059753,3,8,20,4,"{'delta': 0.075, 'feature_subsampling_pct': 0.5524111209059753, 'max_depth': 3, 'min_samples': 8, 'n_trees': 20, 'window': 4}",0.32159808,0.35664676,0.33429811,0.33751431,0.0144881687,47
37,18.65955448,0.537435534,0.02720873,0.000132714488,0.175,0.2304053848821008,5,3,51,8,"{'delta': 0.175, 'feature_subsampling_pct': 0.2304053848821008, 'max_depth': 5, 'min_samples': 3, 'n_trees': 51, 'window': 8}",0.21886637,0.15226116,0.18518441,0.18543731,0.0271920502,81
38,66.07734013,1.37372073,0.02475953,0.000677868703,0.2,0.7854576537958459,4,2,57,16,"{'delta': 0.2, 'feature_subsampling_pct': 0.7854576537958459, 'max_depth': 4, 'min_samples': 2, 'n_trees': 57, 'window': 16}",-1.32257815,-0.82218076,-0.74105696,-0.96193862,0.257152249,96
39,6.10640852,0.0953804415,0.01050099,0.000331289991,0.125,0.9850808268053587,3,4,35,sqrt,"{'delta': 0.125, 'feature_subsampling_pct': 0.9850808268053587, 'max_depth': 3, 'min_samples': 4, 'n_trees': 35, 'window': 'sqrt'}",0.35954899,0.36809184,0.38274252,0.37012778,0.00957753449,33
40,2.9416337,0.100840529,0.00686256,0.000102782161,0.05,0.3887020584745623,3,9,22,8,"{'delta': 0.05, 'feature_subsampling_pct': 0.3887020584745623, 'max_depth': 3, 'min_samples': 9, 'n_trees': 22, 'window': 8}",0.27197952,0.27323418,0.31192407,0.28571259,0.0185413918,67
41,21.89087582,0.438855267,0.03597371,0.000596130439,0.125,0.7098079256580542,4,3,86,4,"{'delta': 0.125, 'feature_subsampling_pct': 0.7098079256580542, 'max_depth': 4, 'min_samples': 3, 'n_trees': 86, 'window': 4}",0.47242309,0.45989508,0.45195483,0.46142433,0.00842580836,13
42,40.70683646,1.53880353,0.03305976,0.00116701712,0.125,0.6806555113685049,5,2,52,log2,"{'delta': 0.125, 'feature_subsampling_pct': 0.6806555113685049, 'max_depth': 5, 'min_samples': 2, 'n_trees': 52, 'window': 'log2'}",0.52120849,0.49955462,0.51059435,0.51045249,0.00884072546,3
43,20.73796423,0.840756024,0.03799192,0.00114228539,inv,0.22376884973139394,5,2,69,log2,"{'delta': 'inv', 'feature_subsampling_pct': 0.22376884973139394, 'max_depth': 5, 'min_samples': 2, 'n_trees': 69, 'window': 'log2'}",0.11237461,0.11179493,0.10318071,0.10911675,0.00420407945,94
44,48.68264953,0.487500592,0.04798301,0.000760308994,0.1,0.30569501961756973,5,3,79,sqrt,"{'delta': 0.1, 'feature_subsampling_pct': 0.30569501961756973, 'max_depth': 5, 'min_samples': 3, 'n_trees': 79, 'window': 'sqrt'}",0.34090525,0.33034933,0.26167148,0.31097535,0.0351284395,55
45,46.9986217,1.90620296,0.02504396,0.000399524713,0.075,0.9966283297821319,3,5,88,16,"{'delta': 0.075, 'feature_subsampling_pct': 0.9966283297821319, 'max_depth': 3, 'min_samples': 5, 'n_trees': 88, 'window': 16}",0.21166969,0.22114245,0.22359812,0.21880342,0.0051429662,78
46,1.27906458,0.0713942835,0.0064288,0.000406345019,inv,0.6697913115459412,2,2,38,4,"{'delta': 'inv', 'feature_subsampling_pct': 0.6697913115459412, 'max_depth': 2, 'min_samples': 2, 'n_trees': 38, 'window': 4}",0.30351987,0.28198822,0.31048587,0.29866466,0.0121300949,62
47,71.35218096,0.545593818,0.02647646,0.000199469057,0.125,0.8983777818386056,5,2,43,8,"{'delta': 0.125, 'feature_subsampling_pct': 0.8983777818386056, 'max_depth': 5, 'min_samples': 2, 'n_trees': 43, 'window': 8}",0.38130539,0.45318784,0.28611584,0.37353636,0.0684277331,32
48,137.55600588,3.07404094,0.02636957,0.0020515932,0.1,0.9420714947988528,5,7,44,16,"{'delta': 0.1, 'feature_subsampling_pct': 0.9420714947988528, 'max_depth': 5, 'min_samples': 7, 'n_trees': 44, 'window': 16}",-0.12222036,0.27996822,-0.07537124,0.02745888,0.179572525,95
49,2.35538864,0.0533552277,0.01876871,0.000230945149,0.075,0.2447272462757488,3,3,73,4,"{'delta': 0.075, 'feature_subsampling_pct': 0.2447272462757488, 'max_depth': 3, 'min_samples': 3, 'n_trees': 73, 'window': 4}",0.10621936,0.08390202,0.13949199,0.10987112,0.0228409415,93
50,150.65979393,7.90487227,0.0504938,0.00200719452,inv,0.9950117163497386,5,2,87,sqrt,"{'delta': 'inv', 'feature_subsampling_pct': 0.9950117163497386, 'max_depth': 5, 'min_samples': 2, 'n_trees': 87, 'window': 'sqrt'}",0.49055033,0.49241707,0.48809288,0.49035343,0.00177082306,7
51,11.32031552,0.0611567488,0.01650961,0.000236025108,0.175,0.39285972834334093,5,9,27,4,"{'delta': 0.175, 'feature_subsampling_pct': 0.39285972834334093, 'max_depth': 5, 'min_samples': 9, 'n_trees': 27, 'window': 4}",0.3942483,0.44316325,0.40998186,0.4157978,0.0203885092,21
52,32.889774,0.874199495,0.04795798,0.00144842274,0.05,0.37725471266715027,5,5,78,4,"{'delta': 0.05, 'feature_subsampling_pct': 0.37725471266715027, 'max_depth': 5, 'min_samples': 5, 'n_trees': 78, 'window': 4}",0.34165262,0.31922311,0.33355526,0.331477,0.00927398437,48
53,10.87018466,0.34158579,0.01612631,0.000342338437,0.175,0.3386821309135529,3,7,57,16,"{'delta': 0.175, 'feature_subsampling_pct': 0.3386821309135529, 'max_depth': 3, 'min_samples': 7, 'n_trees': 57, 'window': 16}",0.43883577,0.46345082,0.44764907,0.44997855,0.0101831548,14
54,19.9161574,0.35767874,0.01748761,0.000142599736,0.1,0.902841899659402,4,4,40,sqrt,"{'delta': 0.1, 'feature_subsampling_pct': 0.902841899659402, 'max_depth': 4, 'min_samples': 4, 'n_trees': 40, 'window': 'sqrt'}",0.40852244,0.42336499,0.4486681,0.42685184,0.016573818,17
55,2.77316006,0.00734556558,0.01448917,0.000176824095,0.125,0.7020316536967897,2,6,80,4,"{'delta': 0.125, 'feature_subsampling_pct': 0.7020316536967897, 'max_depth': 2, 'min_samples': 6, 'n_trees': 80, 'window': 4}",0.35033516,0.33829356,0.34039484,0.34300785,0.00525172306,44
56,0.68633779,0.017006847,0.00611575,0.000193330403,0.125,0.12188436978830847,2,9,36,8,"{'delta': 0.125, 'feature_subsampling_pct': 0.12188436978830847, 'max_depth': 2, 'min_samples': 9, 'n_trees': 36, 'window': 8}",0.18407439,0.15610966,0.21384855,0.18467753,0.0235756599,82
57,2.17924126,0.0548168789,0.00721502,0.000211774758,0.125,0.5229500625918486,3,6,25,4,"{'delta': 0.125, 'feature_subsampling_pct': 0.5229500625918486, 'max_depth': 3, 'min_samples': 6, 'n_trees': 25, 'window': 4}",0.38024838,0.3481801,0.37877059,0.36906636,0.0147811307,34
58,45.73266268,1.20808989,0.03547748,0.000757921134,0.125,0.11391095487598069,5,6,65,16,"{'delta': 0.125, 'feature_subsampling_pct': 0.11391095487598069, 'max_depth': 5, 'min_samples': 6, 'n_trees': 65, 'window': 16}",0.28486784,0.26245466,0.21722705,0.25484985,0.0281329456,72
59,11.98458338,0.150157989,0.01324224,0.000158497974,0.2,0.9672579793803275,2,5,82,16,"{'delta': 0.2, 'feature_subsampling_pct': 0.9672579793803275, 'max_depth': 2, 'min_samples': 5, 'n_trees': 82, 'window': 16}",-1.78189783,-1.30990534,-1.06523649,-1.38567989,0.297441541,99
60,1.88261604,0.0222019243,0.01461752,0.000118853728,0.15,0.2718199280353114,2,9,86,log2,"{'delta': 0.15, 'feature_subsampling_pct': 0.2718199280353114, 'max_depth': 2, 'min_samples': 9, 'n_trees': 86, 'window': 'log2'}",0.31077069,0.29500825,0.25224441,0.28600778,0.0247263383,66
61,8.49823793,0.201252071,0.02402163,0.00115899979,0.05,0.45522232012852504,3,3,86,log2,"{'delta': 0.05, 'feature_subsampling_pct': 0.45522232012852504, 'max_depth': 3, 'min_samples': 3, 'n_trees': 86, 'window': 'log2'}",0.30513481,0.29019099,0.32266538,0.30599706,0.0132716281,56
62,14.86745564,0.125149241,0.02062543,0.000367072811,inv,0.7040291651416455,4,3,46,log2,"{'delta': 'inv', 'feature_subsampling_pct': 0.7040291651416455, 'max_depth': 4, 'min_samples': 3, 'n_trees': 46, 'window': 'log2'}",0.39985239,0.38313426,0.38758542,0.39019069,0.00706939612,27
63,12.06461962,0.277145897,0.01793321,0.000672248439,0.075,0.39029568781474044,5,2,28,4,"{'delta': 0.075, 'feature_subsampling_pct': 0.39029568781474044, 'max_depth': 5, 'min_samples': 2, 'n_trees': 28, 'window': 4}",0.37337567,0.36437524,0.34551941,0.36109011,0.0116070885,38
64,1.00548569,0.0317747103,0.0079445,5.97698254e-05,0.175,0.42354203609777963,2,3,45,4,"{'delta': 0.175, 'feature_subsampling_pct': 0.42354203609777963, 'max_depth': 2, 'min_samples': 3, 'n_trees': 45, 'window': 4}",0.3000407,0.31270267,0.32653507,0.31309281,0.0108197985,54
65,1.42220283,0.0128914061,0.004776,0.000137158598,0.075,0.8803650867220933,2,5,26,sqrt,"{'delta': 0.075, 'feature_subsampling_pct': 0.8803650867220933, 'max_depth': 2, 'min_samples': 5, 'n_trees': 26, 'window': 'sqrt'}",0.32326176,0.32528449,0.32996888,0.32617171,0.00280912049,51
66,2.44479966,0.121329358,0.00621843,0.000298525641,0.125,0.8184656610700977,2,9,35,8,"{'delta': 0.125, 'feature_subsampling_pct': 0.8184656610700977, 'max_depth': 2, 'min_samples': 9, 'n_trees': 35, 'window': 8}",0.31206551,0.29627025,0.29434819,0.30089465,0.00793786991,60
67,36.46257822,0.798004352,0.05151518,0.000759684886,0.1,0.4041956411663823,5,3,85,4,"{'delta': 0.1, 'feature_subsampling_pct': 0.4041956411663823, 'max_depth': 5, 'min_samples': 3, 'n_trees': 85, 'window': 4}",0.40335192,0.38870947,0.37387527,0.38864555,0.0120338758,29
68,1.66950885,0.0140163514,0.01094699,4.97608e-05,0.05,0.2395374550549698,3,6,41,log2,"{'delta': 0.05, 'feature_subsampling_pct': 0.2395374550549698, 'max_depth': 3, 'min_samples': 6, 'n_trees': 41, 'window': 'log2'}",0.12551059,0.08530371,0.13050062,0.11377164,0.0202326856,92
69,17.42586311,0.183940949,0.04746389,0.000526795369,0.075,0.1274502249451445,5,3,89,4,"{'delta': 0.075, 'feature_subsampling_pct': 0.1274502249451445, 'max_depth': 5, 'min_samples': 3, 'n_trees': 89, 'window': 4}",0.1366714,0.13376549,0.10284508,0.12442732,0.0153069912,90
70,60.65019663,0.999847444,0.04440681,0.000637808434,0.125,0.39398611761643676,5,6,79,8,"{'delta': 0.125, 'feature_subsampling_pct': 0.39398611761643676, 'max_depth': 5, 'min_samples': 6, 'n_trees': 79, 'window': 8}",0.43983715,0.47543689,0.4738084,0.46302748,0.0164115103,12
71,40.31102093,0.378760071,0.03931729,0.000586937969,0.125,0.6606014282371002,5,7,66,4,"{'delta': 0.125, 'feature_subsampling_pct': 0.6606014282371002, 'max_depth': 5, 'min_samples': 7, 'n_trees': 66, 'window': 4}",0.51093089,0.51625578,0.51046122,0.5125493,0.00262788034,2
72,9.22675212,0.138948341,0.02565829,0.000795113923,0.2,0.22451778317602122,5,6,49,4,"{'delta': 0.2, 'feature_subsampling_pct': 0.22451778317602122, 'max_depth': 5, 'min_samples': 6, 'n_trees': 49, 'window': 4}",0.23443196,0.14463904,0.14629206,0.17512102,0.041944598,85
73,19.70097526,0.394529825,0.03274155,0.000769320959,0.05,0.4589388113003151,4,5,77,log2,"{'delta': 0.05, 'feature_subsampling_pct': 0.4589388113003151, 'max_depth': 4, 'min_samples': 5, 'n_trees': 77, 'window': 'log2'}",0.35265826,0.35832719,0.30907339,0.34001961,0.0220043273,45
74,2.84972326,0.0297498411,0.00830674,6.1813743e-05,0.15,0.2659003068982331,3,8,28,8,"{'delta': 0.15, 'feature_subsampling_pct': 0.2659003068982331, 'max_depth': 3, 'min_samples': 8, 'n_trees': 28, 'window': 8}",0.35770057,0.34562056,0.26950688,0.324276,0.0390403596,52
75,2.98572302,0.0545387695,0.01410913,0.000319679102,0.15,0.15237423595759925,3,2,53,sqrt,"{'delta': 0.15, 'feature_subsampling_pct': 0.15237423595759925, 'max_depth': 3, 'min_samples': 2, 'n_trees': 53, 'window': 'sqrt'}",0.13386099,0.1388876,0.18433338,0.15236066,0.022701075,87
76,12.12513153,0.179022051,0.01342948,0.00022068902,inv,0.9411525976057388,2,9,80,16,"{'delta': 'inv', 'feature_subsampling_pct': 0.9411525976057388, 'max_depth': 2, 'min_samples': 9, 'n_trees': 80, 'window': 16}",0.32759381,0.31522346,0.31935481,0.32072403,0.00514214465,53
77,13.73933125,0.138117191,0.02008526,0.000374934237,0.175,0.7570353849056367,4,5,45,4,"{'delta': 0.175, 'feature_subsampling_pct': 0.7570353849056367, 'max_depth': 4, 'min_samples': 5, 'n_trees': 45, 'window': 4}",0.46630189,0.48530826,0.49345952,0.48168989,0.0113784487,9
78,1.79491854,0.0109715863,0.01461514,0.000190163625,0.15,0.20814818302507798,2,7,88,sqrt,"{'delta': 0.15, 'feature_subsampling_pct': 0.20814818302507798, 'max_depth': 2, 'min_samples': 7, 'n_trees': 88, 'window': 'sqrt'}",0.15952156,0.17271014,0.17552249,0.16925139,0.00697517536,86
79,96.68152157,1.84728174,0.05417633,0.00219423146,0.175,0.8699145256099065,5,6,95,log2,"{'delta': 0.175, 'feature_subsampling_pct': 0.8699145256099065, 'max_depth': 5, 'min_samples': 6, 'n_trees': 95, 'window': 'log2'}",0.45002764,0.54684592,0.50076576,0.49921311,0.0395411398,5
80,41.56451559,0.450553971,0.02164094,0.000944522343,0.075,0.5424542876051491,4,5,52,16,"{'delta': 0.075, 'feature_subsampling_pct': 0.5424542876051491, 'max_depth': 4, 'min_samples': 5, 'n_trees': 52, 'window': 16}",0.51003627,0.4548183,0.50324834,0.48936764,0.024586738,8
81,3.25553958,0.116460607,0.01381811,0.000331682339,0.2,0.14325303177733037,3,6,53,8,"{'delta': 0.2, 'feature_subsampling_pct': 0.14325303177733037, 'max_depth': 3, 'min_samples': 6, 'n_trees': 53, 'window': 8}",0.29047087,0.18291137,0.2438217,0.23906798,0.0440394524,76
82,5.99778565,0.10409155,0.00810901,0.00024255661,0.2,0.11377408626134627,4,3,20,16,"{'delta': 0.2, 'feature_subsampling_pct': 0.11377408626134627, 'max_depth': 4, 'min_samples': 3, 'n_trees': 20, 'window': 16}",0.1995395,0.32491031,0.37283424,0.29909468,0.0730643604,61
83,4.15018741,0.148597089,0.01194509,0.000511397657,0.15,0.24664098437328674,5,9,21,sqrt,"{'delta': 0.15, 'feature_subsampling_pct': 0.24664098437328674, 'max_depth': 5, 'min_samples': 9, 'n_trees': 21, 'window': 'sqrt'}",0.15552005,0.21071178,0.07060311,0.14561165,0.0576266274,88
84,20.69597785,0.168524752,0.01808794,8.16868893e-05,0.125,0.627198023146117,4,5,43,8,"{'delta': 0.125, 'feature_subsampling_pct': 0.627198023146117, 'max_depth': 4, 'min_samples': 5, 'n_trees': 43, 'window': 8}",0.50893223,0.4960394,0.50260202,0.50252455,0.00526375948,4
85,2.27118548,0.0432475322,0.01370207,0.000430234692,0.075,0.61603033750474,2,2,80,4,"{'delta': 0.075, 'feature_subsampling_pct': 0.61603033750474, 'max_depth': 2, 'min_samples': 2, 'n_trees': 80, 'window': 4}",0.30097487,0.3072721,0.30788428,0.30537708,0.00312285121,57
86,22.15792465,0.704824625,0.02193133,0.000332005174,0.1,0.9473183278988726,4,2,52,log2,"{'delta': 0.1, 'feature_subsampling_pct': 0.9473183278988726, 'max_depth': 4, 'min_samples': 2, 'n_trees': 52, 'window': 'log2'}",0.46245551,0.42738954,0.45931481,0.44971995,0.0158419592,15
87,1.52320425,0.053956526,0.01142208,0.000606443838,0.1,0.2762120213103668,2,5,65,log2,"{'delta': 0.1, 'feature_subsampling_pct': 0.2762120213103668, 'max_depth': 2, 'min_samples': 5, 'n_trees': 65, 'window': 'log2'}",0.25367588,0.27866967,0.22478036,0.2523753,0.0220194307,74
88,7.96446991,0.102311779,0.01019613,4.43916927e-05,0.15,0.18499866468033555,4,8,27,16,"{'delta': 0.15, 'feature_subsampling_pct': 0.18499866468033555, 'max_depth': 4, 'min_samples': 8, 'n_trees': 27, 'window': 16}",0.31560383,0.23508808,0.22026232,0.25698474,0.0418895266,71
89,5.21077728,0.0977134032,0.00786153,0.000246622736,0.075,0.7134523020755108,3,3,26,8,"{'delta': 0.075, 'feature_subsampling_pct': 0.7134523020755108, 'max_depth': 3, 'min_samples': 3, 'n_trees': 26, 'window': 8}",0.42744868,0.41630568,0.42067421,0.42147619,0.00458432197,18
90,2.98930987,0.0875657962,0.0088172,0.000197496468,0.075,0.7270634488277355,2,4,48,8,"{'delta': 0.075, 'feature_subsampling_pct': 0.7270634488277355, 'max_depth': 2, 'min_samples': 4, 'n_trees': 48, 'window': 8}",0.36440003,0.36761232,0.36447909,0.36549715,0.00149600307,36
91,3.96708727,0.122489133,0.00538468,3.72792945e-05,0.05,0.8231328373463637,2,5,29,16,"{'delta': 0.05, 'feature_subsampling_pct': 0.8231328373463637, 'max_depth': 2, 'min_samples': 5, 'n_trees': 29, 'window': 16}",0.22739077,0.33382722,0.3249883,0.29540209,0.048226457,64
92,14.8036956,0.0564830359,0.02307423,0.000519849477,0.05,0.6116682553749625,4,2,55,log2,"{'delta': 0.05, 'feature_subsampling_pct': 0.6116682553749625, 'max_depth': 4, 'min_samples': 2, 'n_trees': 55, 'window': 'log2'}",0.38987039,0.38583792,0.39315846,0.38962226,0.00299374538,28
93,210.75156236,6.64195194,0.04583669,0.0014714739,0.05,0.7987716646677971,5,8,81,16,"{'delta': 0.05, 'feature_subsampling_pct': 0.7987716646677971, 'max_depth': 5, 'min_samples': 8, 'n_trees': 81, 'window': 16}",0.50051975,0.50039366,0.49443755,0.49845032,0.00283792575,6
94,1.87849553,0.0332644992,0.0090731,0.000253211781,0.125,0.4860946246375165,2,8,49,sqrt,"{'delta': 0.125, 'feature_subsampling_pct': 0.4860946246375165, 'max_depth': 2, 'min_samples': 8, 'n_trees': 49, 'window': 'sqrt'}",0.35183228,0.35119491,0.34517964,0.34940227,0.0029971692,41
95,16.78782781,0.400503919,0.01910345,0.000265916521,0.05,0.5547271352030715,5,2,32,4,"{'delta': 0.05, 'feature_subsampling_pct': 0.5547271352030715, 'max_depth': 5, 'min_samples': 2, 'n_trees': 32, 'window': 4}",0.42899729,0.41848654,0.38909953,0.41219445,0.0168849137,23
96,29.77467783,0.448069163,0.02213852,0.000488034245,0.1,0.45028151086074686,5,6,38,8,"{'delta': 0.1, 'feature_subsampling_pct': 0.45028151086074686, 'max_depth': 5, 'min_samples': 6, 'n_trees': 38, 'window': 8}",0.42993523,0.35071752,0.45062338,0.41042538,0.0430563269,24
97,5.06860065,0.0655614194,0.02033949,0.000502060204,0.05,0.38738227383137336,3,8,71,4,"{'delta': 0.05, 'feature_subsampling_pct': 0.38738227383137336, 'max_depth': 3, 'min_samples': 8, 'n_trees': 71, 'window': 4}",0.30075368,0.30731467,0.29660195,0.30155677,0.00441016454,59
98,1.27464318,0.0285235194,0.0057222,3.23373494e-05,0.075,0.6686534909528193,2,6,31,sqrt,"{'delta': 0.075, 'feature_subsampling_pct': 0.6686534909528193, 'max_depth': 2, 'min_samples': 6, 'n_trees': 31, 'window': 'sqrt'}",0.33552578,0.32289551,0.32243021,0.3269505,0.0060666103,50
99,36.54972458,0.334501505,0.02411326,0.000418229471,0.125,0.7052666104693346,5,6,42,sqrt,"{'delta': 0.125, 'feature_subsampling_pct': 0.7052666104693346, 'max_depth': 5, 'min_samples': 6, 'n_trees': 42, 'window': 'sqrt'}",0.54003197,0.52352964,0.52588999,0.5298172,0.00728692629,1
